{"_runtime": 16326.961100334, "_timestamp": 1774665416.128779, "eval/return": 43.744590759277344, "eval/episode_len": 50, "eval/success_at_end": 1, "time/eval_time": 7.073607853613794, "_step": 1000000, "eval/success_once": 1, "eval/reward": 0.8748918771743774, "train/success_at_end": 0.875, "train/success_once": 0.9375, "train/return": 39.92041015625, "train/episode_len": 50, "train/reward": 0.7984082698822021, "losses/qf1_values": 4.059574127197266, "losses/qf2_loss": 0.0033775472547858953, "losses/alpha": 0.03246741369366646, "time/update_time": 1.0066073648631573, "time/rollout_fps": 645.1546334021704, "losses/alpha_loss": 0.0008445282583124936, "moe/expert_disc_q_loss": 3.074706000916194e-08, "moe/intrinsic_reward_mean": 1.3862943649291992, "losses/qf_loss": 0.0034161254297941923, "losses/actor_loss": -3.91986346244812, "moe/disc_accuracy_q1": 1, "losses/qf2_values": 4.056561470031738, "losses/qf1_loss": 0.0034547001123428345, "time/total_update_time": 14602.92139373906, "moe/disc_q_loss": 3.0790712202133363e-08, "moe/disc_vp_loss": 8.73114774924133e-11, "moe/expert_disc_vp_loss": 8.73114774924133e-11, "moe/disc_accuracy_vp": 1, "time/rollout_time": 0.0992010235786438, "time/total_eval_time": 183.8973653940484, "time/total_rollout_time": 1527.7735576294363, "time/total_rollout+update_time": 16130.694951368496, "moe/disc_accuracy_q2": 1}